{"lengthOfSub":39,"heightOfSub":6,"startOfBridgeTower":22,"lenghtOfBridgeTower":3,"heightOfBridgeTower":2,"smallerTailUpper":1,"smallerTailLower":1,"smallerTailLenght":4,"RoomPropertiesInt":{"Stairs_Min":1,"Stairs_CapPerTile":0,"Balasttank_Min":6,"Balasttank_CapPerTile":230,"EngineRoom_Min":12,"EngineRoom_CapPerTile":123,"Generator_Min":12,"Generator_CapPerTile":478,"Battery_Min":10,"Battery_CapPerTile":56,"Bridge_Min":4,"Bridge_CapPerTile":0,"Gallery_Min":6,"Gallery_CapPerTile":4,"Cabin_Min":2,"Cabin_CapPerTile":1,"Bunks_Min":8,"Bunks_CapPerTile":1,"Conn_Min":10,"Conn_CapPerTile":1,"Sonar_Min":4,"Sonar_CapPerTile":1,"RadioRoom_Min":4,"RadioRoom_CapPerTile":1,"FuelTank_Min":9,"FuelTank_CapPerTile":1000,"PumpRoom_Min":9,"PumpRoom_CapPerTile":1000,"StorageRoom_Min":4,"StorageRoom_CapPerTile":27,"EscapeHatch_Min":2,"EscapeHatch_CapPerTile":0,"TorpedoRoom_Min":20,"TorpedoRoom_CapPerTile":1},"RoomPropertiesReqRes":{"EngineRoom":[{"unit":"liters_fuel","amount":1000},{"unit":"Engineers","amount":1}],"Generator":[{"unit":"pks","amount":1400},{"unit":"Engineers","amount":1}],"Battery":[{"unit":"MWs","amount":5000}],"Bridge":{"$content":[{"unit":"Watchstander","amount":2}],"$id":"11"},"Gallery":[{"unit":"tins","amount":40},{"unit":"Cook","amount":1}],"Cabin":[{"unit":"food","amount":2}],"Bunks":[{"unit":"food","amount":8}],"Conn":[{"unit":"Officers","amount":2},{"unit":"Watchstander","amount":4}],"Sonar":[{"unit":"Sonarman","amount":1}],"RadioRoom":[{"unit":"Radioman","amount":1}],"PumpRoom":[{"unit":"liters_balast","amount":1000}],"TorpedoRoom":[{"unit":"Torpedoman","amount":4}],"EscapeHatch":[],"Stairs":[],"BalastTank":[],"FuelTank":[],"StorageRoom":[]},"rooms":[{"Key":1,"Value":{"RoomID":1,"TypeOfRoom":"Bridge","MinimimValidSize":4,"ValidationText":"The Bridge needs to be at least 4 tiles and 2 Watchstander to be operational","CapacityPerTile":0.0,"NeededResources":{"$ref":"11"},"IsAccessable":true,"coordinatesOfTilesInRoom":[{"x":22,"y":4},{"x":22,"y":5},{"x":23,"y":4},{"x":23,"y":5},{"x":24,"y":4},{"x":24,"y":5}],"$type":"Submarine.Model.Bridge"}}],"_nextRoomID":2}