{"lengthOfSub":39,"heightOfSub":6,"startOfBridgeTower":22,"lenghtOfBridgeTower":3,"heightOfBridgeTower":2,"smallerTailUpper":1,"smallerTailLower":1,"smallerTailLenght":4,"RoomPropertiesInt":{"Stairs_Min":1,"Stairs_CapPerTile":0,"Balasttank_Min":6,"Balasttank_CapPerTile":230,"EngineRoom_Min":12,"EngineRoom_CapPerTile":123,"Generator_Min":12,"Generator_CapPerTile":478,"Battery_Min":10,"Battery_CapPerTile":56,"Bridge_Min":4,"Bridge_CapPerTile":0,"Gallery_Min":6,"Gallery_CapPerTile":4,"Cabin_Min":2,"Cabin_CapPerTile":1,"Bunks_Min":8,"Bunks_CapPerTile":1,"Conn_Min":10,"Conn_CapPerTile":1,"Sonar_Min":4,"Sonar_CapPerTile":1,"RadioRoom_Min":4,"RadioRoom_CapPerTile":1,"FuelTank_Min":9,"FuelTank_CapPerTile":1000,"PumpRoom_Min":9,"PumpRoom_CapPerTile":1000,"StorageRoom_Min":4,"StorageRoom_CapPerTile":27,"EscapeHatch_Min":2,"EscapeHatch_CapPerTile":0,"TorpedoRoom_Min":20,"TorpedoRoom_CapPerTile":1},"RoomPropertiesReqRes":{"EngineRoom":{"$content":[{"unit":"liters_fuel","amount":1000},{"unit":"Engineers","amount":1}],"$id":"3"},"Generator":{"$content":[{"unit":"pks","amount":1400},{"unit":"Engineers","amount":1}],"$id":"6"},"Battery":{"$content":[{"unit":"MWs","amount":5000}],"$id":"9"},"Bridge":{"$content":[{"unit":"Watchstander","amount":2}],"$id":"11"},"Gallery":{"$content":[{"unit":"tins","amount":40},{"unit":"Cook","amount":1}],"$id":"13"},"Cabin":{"$content":[{"unit":"food","amount":2}],"$id":"16"},"Bunks":{"$content":[{"unit":"food","amount":8}],"$id":"18"},"Conn":{"$content":[{"unit":"Officers","amount":2},{"unit":"Watchstander","amount":4}],"$id":"20"},"Sonar":{"$content":[{"unit":"Sonarman","amount":1}],"$id":"23"},"RadioRoom":{"$content":[{"unit":"Radioman","amount":1}],"$id":"25"},"PumpRoom":{"$content":[{"unit":"liters_balast","amount":1000}],"$id":"27"},"TorpedoRoom":{"$content":[{"unit":"Torpedoman","amount":4}],"$id":"29"},"EscapeHatch":[],"Stairs":{"$content":[],"$id":"32"},"BalastTank":{"$content":[],"$id":"33"},"FuelTank":{"$content":[],"$id":"34"},"StorageRoom":{"$content":[],"$id":"35"}},"rooms":[{"Key":1,"Value":{"RoomID":1,"TypeOfRoom":"Bridge","MinimimValidSize":4,"ValidationText":"The Bridge needs to be at least 4 tiles and 2 Watchstander to be operational","CapacityPerTile":0.0,"NeededResources":{"$ref":"11"},"IsAccessable":true,"coordinatesOfTilesInRoom":[{"x":22,"y":4},{"x":22,"y":5},{"x":23,"y":4},{"x":23,"y":5},{"x":24,"y":4},{"x":24,"y":5}],"$type":"Submarine.Model.Bridge"}},{"Key":2,"Value":{"RoomID":2,"TypeOfRoom":"TorpedoRoom","MinimimValidSize":20,"ValidationText":"The TorpedoRoom needs to be at least 20 tiles and 4 Torpedoman to be operational, output will be  1 Torpedoes per tile","CapacityPerTile":1.0,"NeededResources":{"$ref":"29"},"IsAccessable":false,"coordinatesOfTilesInRoom":[{"x":38,"y":2},{"x":38,"y":1},{"x":37,"y":3},{"x":36,"y":3},{"x":35,"y":3},{"x":35,"y":2},{"x":35,"y":1},{"x":35,"y":0},{"x":36,"y":0},{"x":37,"y":0},{"x":38,"y":0},{"x":37,"y":1},{"x":36,"y":1},{"x":36,"y":2},{"x":37,"y":2},{"x":38,"y":3},{"x":34,"y":2},{"x":34,"y":1},{"x":34,"y":0},{"x":34,"y":3}],"$type":"Submarine.Model.TorpedoRoom"}},{"Key":4,"Value":{"RoomID":4,"TypeOfRoom":"Stairs","MinimimValidSize":1,"ValidationText":"The Stairs needs to be at least 1 tiles to be operational","CapacityPerTile":0.0,"NeededResources":{"$ref":"32"},"IsAccessable":true,"coordinatesOfTilesInRoom":[{"x":33,"y":3},{"x":33,"y":2},{"x":33,"y":1},{"x":33,"y":0}],"$type":"Submarine.Model.Stairs"}},{"Key":6,"Value":{"RoomID":6,"TypeOfRoom":"Bunks","MinimimValidSize":8,"ValidationText":"The Bunks needs to be at least 8 tiles and 8 food to be operational, output will be  1 Crew per tile","CapacityPerTile":1.0,"NeededResources":{"$ref":"18"},"IsAccessable":true,"coordinatesOfTilesInRoom":[{"x":32,"y":3},{"x":31,"y":3},{"x":31,"y":2},{"x":30,"y":3},{"x":30,"y":2},{"x":29,"y":2},{"x":29,"y":3},{"x":32,"y":2}],"$type":"Submarine.Model.Bunks"}},{"Key":8,"Value":{"RoomID":8,"TypeOfRoom":"Battery","MinimimValidSize":10,"ValidationText":"The Battery needs to be at least 10 tiles and 5000 MWs to be operational, output will be  56 AH per tile","CapacityPerTile":56.0,"NeededResources":{"$ref":"9"},"IsAccessable":false,"coordinatesOfTilesInRoom":[{"x":32,"y":1},{"x":31,"y":1},{"x":31,"y":0},{"x":29,"y":0},{"x":29,"y":1},{"x":30,"y":1},{"x":30,"y":0},{"x":32,"y":0},{"x":28,"y":0},{"x":28,"y":1}],"$type":"Submarine.Model.Battery"}},{"Key":11,"Value":{"RoomID":11,"TypeOfRoom":"PumpRoom","MinimimValidSize":9,"ValidationText":"The PumpRoom needs to be at least 9 tiles and 1000 liters_balast to be operational, output will be  1000 liters_pump per tile","CapacityPerTile":1000.0,"NeededResources":{"$ref":"27"},"IsAccessable":false,"coordinatesOfTilesInRoom":[{"x":27,"y":1},{"x":27,"y":0},{"x":26,"y":0},{"x":26,"y":1},{"x":25,"y":1},{"x":25,"y":0},{"x":24,"y":0},{"x":24,"y":1},{"x":23,"y":1},{"x":23,"y":0}],"$type":"Submarine.Model.PumpRoom"}},{"Key":14,"Value":{"RoomID":14,"TypeOfRoom":"StorageRoom","MinimimValidSize":4,"ValidationText":"The StorageRoom needs to be at least 4 tiles to be operational, output will be  27 tins per tile","CapacityPerTile":27.0,"NeededResources":{"$ref":"35"},"IsAccessable":false,"coordinatesOfTilesInRoom":[{"x":17,"y":1},{"x":16,"y":1},{"x":16,"y":0},{"x":17,"y":0},{"x":18,"y":1},{"x":18,"y":0}],"$type":"Submarine.Model.StorageRoom"}},{"Key":16,"Value":{"RoomID":16,"TypeOfRoom":"RadioRoom","MinimimValidSize":4,"ValidationText":"The RadioRoom needs to be at least 4 tiles and 1 Radioman to be operational, output will be  1 Radio per tile","CapacityPerTile":1.0,"NeededResources":{"$ref":"25"},"IsAccessable":false,"coordinatesOfTilesInRoom":[{"x":28,"y":3},{"x":27,"y":3},{"x":27,"y":2},{"x":28,"y":2}],"$type":"Submarine.Model.RadioRoom"}},{"Key":18,"Value":{"RoomID":18,"TypeOfRoom":"Sonar","MinimimValidSize":4,"ValidationText":"The Sonar needs to be at least 4 tiles and 1 Sonarman to be operational, output will be  1 Sonar per tile","CapacityPerTile":1.0,"NeededResources":{"$ref":"23"},"IsAccessable":false,"coordinatesOfTilesInRoom":[{"x":26,"y":3},{"x":26,"y":2},{"x":25,"y":2},{"x":25,"y":3}],"$type":"Submarine.Model.Sonar"}},{"Key":19,"Value":{"RoomID":19,"TypeOfRoom":"Conn","MinimimValidSize":10,"ValidationText":"The Conn needs to be at least 10 tiles and 2 Officers and 4 Watchstander to be operational, output will be  1 Ops per tile and must be connected to the Bridge.","CapacityPerTile":1.0,"NeededResources":{"$ref":"20"},"IsAccessable":true,"coordinatesOfTilesInRoom":[{"x":24,"y":3},{"x":24,"y":2},{"x":23,"y":2},{"x":22,"y":2},{"x":21,"y":2},{"x":21,"y":3},{"x":22,"y":3},{"x":23,"y":3},{"x":20,"y":3},{"x":20,"y":2}],"$type":"Submarine.Model.Conn"}},{"Key":20,"Value":{"RoomID":20,"TypeOfRoom":"Cabin","MinimimValidSize":2,"ValidationText":"The Cabin needs to be at least 2 tiles and 2 food to be operational, output will be  1 Officers per tile","CapacityPerTile":1.0,"NeededResources":{"$ref":"16"},"IsAccessable":true,"coordinatesOfTilesInRoom":[{"x":19,"y":2},{"x":19,"y":3}],"$type":"Submarine.Model.Cabin"}},{"Key":21,"Value":{"RoomID":21,"TypeOfRoom":"Gallery","MinimimValidSize":6,"ValidationText":"The Gallery needs to be at least 6 tiles and 40 tins and 1 Cook to be operational, output will be  4 food per tile","CapacityPerTile":4.0,"NeededResources":{"$ref":"13"},"IsAccessable":false,"coordinatesOfTilesInRoom":[{"x":18,"y":3},{"x":17,"y":3},{"x":17,"y":2},{"x":18,"y":2},{"x":16,"y":2},{"x":16,"y":3}],"$type":"Submarine.Model.Gallery"}},{"Key":25,"Value":{"RoomID":25,"TypeOfRoom":"Stairs","MinimimValidSize":1,"ValidationText":"The Stairs needs to be at least 1 tiles to be operational","CapacityPerTile":0.0,"NeededResources":{"$ref":"32"},"IsAccessable":true,"coordinatesOfTilesInRoom":[{"x":15,"y":3},{"x":15,"y":2},{"x":15,"y":1},{"x":15,"y":0}],"$type":"Submarine.Model.Stairs"}},{"Key":24,"Value":{"RoomID":24,"TypeOfRoom":"FuelTank","MinimimValidSize":9,"ValidationText":"The FuelTank needs to be at least 9 tiles to be operational, output will be  1000 liters_fuel per tile","CapacityPerTile":1000.0,"NeededResources":{"$ref":"34"},"IsAccessable":false,"coordinatesOfTilesInRoom":[{"x":9,"y":0},{"x":10,"y":0},{"x":8,"y":0},{"x":5,"y":0},{"x":6,"y":0},{"x":7,"y":0},{"x":11,"y":0},{"x":12,"y":0},{"x":13,"y":0},{"x":14,"y":0}],"$type":"Submarine.Model.FuelTank"}},{"Key":26,"Value":{"RoomID":26,"TypeOfRoom":"Generator","MinimimValidSize":12,"ValidationText":"The Generator needs to be at least 12 tiles and 15000 pks and 1 Engineers to be operational, output will be  478 MWs per tile","CapacityPerTile":478.0,"NeededResources":{"$ref":"6"},"IsAccessable":false,"coordinatesOfTilesInRoom":[{"x":14,"y":2},{"x":14,"y":3},{"x":12,"y":2},{"x":12,"y":3},{"x":13,"y":3},{"x":13,"y":2},{"x":13,"y":1},{"x":12,"y":1},{"x":14,"y":1},{"x":11,"y":1},{"x":11,"y":2},{"x":11,"y":3}],"$type":"Submarine.Model.Generator"}},{"Key":29,"Value":{"RoomID":29,"TypeOfRoom":"EngineRoom","MinimimValidSize":12,"ValidationText":"The EngineRoom needs to be at least 12 tiles and 1000 liters_fuel and 1 Engineers to be operational, output will be  123 pks per tile","CapacityPerTile":123.0,"NeededResources":{"$ref":"3"},"IsAccessable":false,"coordinatesOfTilesInRoom":[{"x":10,"y":3},{"x":10,"y":2},{"x":10,"y":1},{"x":9,"y":1},{"x":9,"y":2},{"x":9,"y":3},{"x":8,"y":3},{"x":8,"y":2},{"x":8,"y":1},{"x":7,"y":1},{"x":7,"y":2},{"x":7,"y":3},{"x":6,"y":3},{"x":6,"y":2},{"x":6,"y":1},{"x":5,"y":1},{"x":5,"y":2},{"x":5,"y":3}],"$type":"Submarine.Model.EngineRoom"}},{"Key":30,"Value":{"RoomID":30,"TypeOfRoom":"BalastTank","MinimimValidSize":6,"ValidationText":"The BalastTank needs to be at least 6 tiles to be operational, output will be  230 liters_balast per tile","CapacityPerTile":230.0,"NeededResources":{"$ref":"33"},"IsAccessable":false,"coordinatesOfTilesInRoom":[{"x":4,"y":2},{"x":4,"y":1},{"x":3,"y":2},{"x":2,"y":2},{"x":1,"y":2},{"x":0,"y":2},{"x":0,"y":1},{"x":1,"y":1},{"x":2,"y":1},{"x":3,"y":1}],"$type":"Submarine.Model.BalastTank"}},{"Key":42,"Value":{"RoomID":42,"TypeOfRoom":"Bunks","MinimimValidSize":8,"ValidationText":"The Bunks needs to be at least 8 tiles and 8 food to be operational, output will be  1 Crew per tile","CapacityPerTile":1.0,"NeededResources":{"$ref":"18"},"IsAccessable":true,"coordinatesOfTilesInRoom":[{"x":22,"y":1},{"x":22,"y":0},{"x":21,"y":0},{"x":21,"y":1},{"x":20,"y":1},{"x":20,"y":0},{"x":19,"y":0},{"x":19,"y":1}],"$type":"Submarine.Model.Bunks"}}],"_nextRoomID":43}